path,asset_ticker,category,source
tokens/aave_logo.svg,aave,token,https://raw.githubusercontent.com/0xa3k5/web3icons/main/raw-svgs/tokens/background/AAVE.svg
tokens/ada_logo.svg,ada,token,https://raw.githubusercontent.com/0xa3k5/web3icons/main/raw-svgs/tokens/background/ADA.svg
tokens/apt_logo.svg,apt,token,https://raw.githubusercontent.com/0xa3k5/web3icons/main/raw-svgs/tokens/background/APT.svg
tokens/arb_logo.svg,arb,token,https://raw.githubusercontent.com/0xa3k5/web3icons/main/raw-svgs/tokens/background/ARB.svg
tokens/atom_logo.svg,atom,token,https://raw.githubusercontent.com/0xa3k5/web3icons/main/raw-svgs/tokens/background/ATOM.svg
tokens/avax_logo.svg,avax,token,https://raw.githubusercontent.com/0xa3k5/web3icons/main/raw-svgs/tokens/background/AVAX.svg
tokens/bch_logo.svg,bch,token,https://raw.githubusercontent.com/0xa3k5/web3icons/main/raw-svgs/tokens/background/BCH.svg
tokens/bnb_logo.svg,bnb,token,https://raw.githubusercontent.com/0xa3k5/web3icons/main/raw-svgs/tokens/background/BNB.svg
tokens/btc_logo.svg,btc,token,https://raw.githubusercontent.com/0xa3k5/web3icons/main/raw-svgs/tokens/background/BTC.svg
tokens/cfg_logo.svg,cfg,token,https://raw.githubusercontent.com/0xa3k5/web3icons/main/raw-svgs/tokens/background/CFG.svg
tokens/cro_logo.svg,cro,token,https://raw.githubusercontent.com/0xa3k5/web3icons/main/raw-svgs/tokens/background/CRO.svg
tokens/dai_logo.svg,dai,token,https://raw.githubusercontent.com/0xa3k5/web3icons/main/raw-svgs/tokens/background/DAI.svg
tokens/doge_logo.svg,doge,token,https://raw.githubusercontent.com/0xa3k5/web3icons/main/raw-svgs/tokens/background/DOGE.svg
tokens/dot_logo.svg,dot,token,https://raw.githubusercontent.com/0xa3k5/web3icons/main/raw-svgs/tokens/background/DOT.svg
tokens/etc_logo.svg,etc,token,https://raw.githubusercontent.com/0xa3k5/web3icons/main/raw-svgs/tokens/background/ETC.svg
tokens/eth_logo.svg,eth,token,https://raw.githubusercontent.com/0xa3k5/web3icons/main/raw-svgs/tokens/background/ETH.svg
tokens/fil_logo.svg,fil,token,https://raw.githubusercontent.com/0xa3k5/web3icons/main/raw-svgs/tokens/background/FIL.svg
tokens/hbar_logo.svg,hbar,token,https://raw.githubusercontent.com/0xa3k5/web3icons/main/raw-svgs/tokens/background/HBAR.svg
tokens/icp_logo.svg,icp,token,https://raw.githubusercontent.com/0xa3k5/web3icons/main/raw-svgs/tokens/background/ICP.svg
tokens/inj_logo.svg,inj,token,https://raw.githubusercontent.com/0xa3k5/web3icons/main/raw-svgs/tokens/background/INJ.svg
tokens/leo_logo.svg,leo,token,https://raw.githubusercontent.com/0xa3k5/web3icons/main/raw-svgs/tokens/background/LEO.svg
tokens/link_logo.svg,link,token,https://raw.githubusercontent.com/0xa3k5/web3icons/main/raw-svgs/tokens/background/LINK.svg
tokens/ltc_logo.svg,ltc,token,https://raw.githubusercontent.com/0xa3k5/web3icons/main/raw-svgs/tokens/background/LTC.svg
tokens/matic_logo.svg,matic,token,https://raw.githubusercontent.com/0xa3k5/web3icons/main/raw-svgs/tokens/background/MATIC.svg
tokens/mkr_logo.svg,mkr,token,https://raw.githubusercontent.com/0xa3k5/web3icons/main/raw-svgs/tokens/background/MKR.svg
tokens/near_logo.svg,near,token,https://raw.githubusercontent.com/0xa3k5/web3icons/main/raw-svgs/tokens/background/NEAR.svg
tokens/op_logo.svg,op,token,https://raw.githubusercontent.com/0xa3k5/web3icons/main/raw-svgs/tokens/background/OP.svg
tokens/paxg_logo.svg,paxg,token,https://raw.githubusercontent.com/0xa3k5/web3icons/main/raw-svgs/tokens/background/PAXG.svg
tokens/pepe_logo.svg,pepe,token,https://raw.githubusercontent.com/0xa3k5/web3icons/main/raw-svgs/tokens/background/PEPE.svg
tokens/polyx_logo.svg,polyx,token,https://raw.githubusercontent.com/0xa3k5/web3icons/main/raw-svgs/tokens/background/POLYX.svg
tokens/shib_logo.svg,shib,token,https://raw.githubusercontent.com/0xa3k5/web3icons/main/raw-svgs/tokens/background/SHIB.svg
tokens/sol_logo.svg,sol,token,https://raw.githubusercontent.com/0xa3k5/web3icons/main/raw-svgs/tokens/background/SOL.svg
tokens/sui_logo.svg,sui,token,https://raw.githubusercontent.com/0xa3k5/web3icons/main/raw-svgs/tokens/background/SUI.svg
tokens/tao_logo.svg,tao,token,https://raw.githubusercontent.com/0xa3k5/web3icons/main/raw-svgs/tokens/background/TAO.svg
tokens/ton_logo.svg,ton,token,https://raw.githubusercontent.com/0xa3k5/web3icons/main/raw-svgs/tokens/background/TON.svg
tokens/trx_logo.svg,trx,token,https://raw.githubusercontent.com/0xa3k5/web3icons/main/raw-svgs/tokens/background/TRX.svg
tokens/uni_logo.svg,uni,token,https://raw.githubusercontent.com/0xa3k5/web3icons/main/raw-svgs/tokens/background/UNI.svg
tokens/usdc_logo.svg,usdc,token,https://raw.githubusercontent.com/0xa3k5/web3icons/main/raw-svgs/tokens/background/USDC.svg
tokens/usdt_logo.svg,usdt,token,https://raw.githubusercontent.com/0xa3k5/web3icons/main/raw-svgs/tokens/background/USDT.svg
tokens/xaut_logo.svg,xaut,token,https://raw.githubusercontent.com/0xa3k5/web3icons/main/raw-svgs/tokens/background/XAUT.svg
tokens/xlm_logo.svg,xlm,token,https://raw.githubusercontent.com/0xa3k5/web3icons/main/raw-svgs/tokens/background/XLM.svg
tokens/xmr_logo.svg,xmr,token,https://raw.githubusercontent.com/0xa3k5/web3icons/main/raw-svgs/tokens/background/XMR.svg
tokens/xrp_logo.svg,xrp,token,https://raw.githubusercontent.com/0xa3k5/web3icons/main/raw-svgs/tokens/background/XRP.svg
tokens/zec_logo.svg,zec,token,https://raw.githubusercontent.com/0xa3k5/web3icons/main/raw-svgs/tokens/background/ZEC.svg
stocks/nvdax_logo.svg,NVDA,stock,https://raw.githubusercontent.com/ShaadyEmad/ticker-logos/main/US%20Market/SVG/NVDA.svg
stocks/aaplx_logo.svg,AAPL,stock,https://raw.githubusercontent.com/ShaadyEmad/ticker-logos/main/US%20Market/SVG/AAPL.svg
stocks/googlx_logo.svg,GOOGL,stock,https://raw.githubusercontent.com/ShaadyEmad/ticker-logos/main/US%20Market/SVG/GOOGL.svg
stocks/googx_logo.svg,GOOG,stock,https://raw.githubusercontent.com/ShaadyEmad/ticker-logos/main/US%20Market/SVG/GOOG.svg
stocks/msftx_logo.svg,MSFT,stock,https://raw.githubusercontent.com/ShaadyEmad/ticker-logos/main/US%20Market/SVG/MSFT.svg
stocks/amznx_logo.svg,AMZN,stock,https://raw.githubusercontent.com/ShaadyEmad/ticker-logos/main/US%20Market/SVG/AMZN.svg
stocks/metax_logo.svg,META,stock,https://raw.githubusercontent.com/ShaadyEmad/ticker-logos/main/US%20Market/SVG/META.svg
stocks/avgox_logo.svg,AVGO,stock,https://raw.githubusercontent.com/ShaadyEmad/ticker-logos/main/US%20Market/SVG/AVGO.svg
stocks/tslax_logo.svg,TSLA,stock,https://raw.githubusercontent.com/ShaadyEmad/ticker-logos/main/US%20Market/SVG/TSLA.svg
stocks/samsungx_logo.svg,SSNLF,stock,https://raw.githubusercontent.com/ShaadyEmad/ticker-logos/main/US%20Market/SVG/SSNLF.svg
stocks/orclx_logo.svg,ORCL,stock,https://raw.githubusercontent.com/ShaadyEmad/ticker-logos/main/US%20Market/SVG/ORCL.svg
stocks/wmtx_logo.svg,WMT,stock,https://raw.githubusercontent.com/ShaadyEmad/ticker-logos/main/US%20Market/SVG/WMT.svg
stocks/nflxx_logo.svg,NFLX,stock,https://raw.githubusercontent.com/ShaadyEmad/ticker-logos/main/US%20Market/SVG/NFLX.svg
stocks/pltrx_logo.svg,PLTR,stock,https://raw.githubusercontent.com/ShaadyEmad/ticker-logos/main/US%20Market/SVG/PLTR.svg
stocks/coinx_logo.svg,COIN,stock,https://raw.githubusercontent.com/ShaadyEmad/ticker-logos/main/US%20Market/SVG/COIN.svg
stocks/crclx_logo.svg,CRCL,stock,https://raw.githubusercontent.com/ShaadyEmad/ticker-logos/main/US%20Market/SVG/CRCL.svg
stocks/intcx_logo.svg,INTC,stock,https://raw.githubusercontent.com/ShaadyEmad/ticker-logos/main/US%20Market/SVG/INTC.svg
stocks/amdx_logo.svg,AMD,stock,https://raw.githubusercontent.com/ShaadyEmad/ticker-logos/main/US%20Market/SVG/AMD.svg
stocks/vx_logo.svg,V,stock,https://raw.githubusercontent.com/ShaadyEmad/ticker-logos/main/US%20Market/SVG/V.svg
stocks/max_logo.svg,MA,stock,https://raw.githubusercontent.com/ShaadyEmad/ticker-logos/main/US%20Market/SVG/MA.svg
stocks/adbx_logo.svg,ADBE,stock,https://raw.githubusercontent.com/ShaadyEmad/ticker-logos/main/US%20Market/SVG/ADBE.svg
stocks/shopx_logo.svg,SHOP,stock,https://raw.githubusercontent.com/ShaadyEmad/ticker-logos/main/US%20Market/SVG/SHOP.svg
rwa/cfg_logo.svg,cfg,rwa,https://raw.githubusercontent.com/0xa3k5/web3icons/main/raw-svgs/tokens/background/CFG.svg
rwa/mkr_logo.svg,mkr,rwa,https://raw.githubusercontent.com/0xa3k5/web3icons/main/raw-svgs/tokens/background/MKR.svg
rwa/paxg_logo.svg,paxg,rwa,https://raw.githubusercontent.com/0xa3k5/web3icons/main/raw-svgs/tokens/background/PAXG.svg
rwa/xaut_logo.svg,xaut,rwa,https://raw.githubusercontent.com/0xa3k5/web3icons/main/raw-svgs/tokens/background/XAUT.svg
